"https://unsplash.com/photos/AzyqGr35vH0?utm_source=unsplash&utm_medium=referral&utm_content=creditShareLink",
"https://unsplash.com/photos/ulZLuqWYC8o?utm_source=unsplash&utm_medium=referral&utm_content=creditShareLink",
"https://unsplash.com/photos/nxizznysgXI?utm_source=unsplash&utm_medium=referral&utm_content=creditShareLink",
"https://unsplash.com/photos/TTWPrOHYgzM?utm_source=unsplash&utm_medium=referral&utm_content=creditShareLink",
"https://unsplash.com/photos/6D1lESi9ssU?utm_source=unsplash&utm_medium=referral&utm_content=creditShareLink",
"https://unsplash.com/photos/VJVsEnR_vNE?utm_source=unsplash&utm_medium=referral&utm_content=creditShareLink",
"https://unsplash.com/photos/mKik54vvTas?utm_source=unsplash&utm_medium=referral&utm_content=creditShareLink",
"https://unsplash.com/photos/9C69arJ-o6M?utm_source=unsplash&utm_medium=referral&utm_content=creditShareLink",
"https://unsplash.com/photos/JKZF0OSlD3g?utm_source=unsplash&utm_medium=referral&utm_content=creditShareLink",
"https://unsplash.com/photos/o-pAOs-wXkM?utm_source=unsplash&utm_medium=referral&utm_content=creditShareLink",
"https://unsplash.com/photos/a6N685qLsHQ?utm_source=unsplash&utm_medium=referral&utm_content=creditShareLink",
"https://github.com/codethejason/checkers"